"","study","class"
"GSM671268","GSE27155","C"
"GSM671269","GSE27155","C"
"GSM671270","GSE27155","C"
"GSM671271","GSE27155","C"
"GSM671297","GSE27155","E"
"GSM671298","GSE27155","E"
"GSM671299","GSE27155","E"
"GSM671300","GSE27155","E"
"GSM671301","GSE27155","E"
"GSM671302","GSE27155","E"
"GSM671303","GSE27155","E"
"GSM671304","GSE27155","E"
"GSM671305","GSE27155","E"
"GSM671306","GSE27155","E"
"GSM671307","GSE27155","E"
"GSM671308","GSE27155","E"
"GSM671309","GSE27155","E"
"GSM671310","GSE27155","E"
"GSM671311","GSE27155","E"
"GSM671312","GSE27155","E"
"GSM671313","GSE27155","E"
"GSM671314","GSE27155","E"
"GSM671315","GSE27155","E"
"GSM671316","GSE27155","E"
"GSM671317","GSE27155","E"
"GSM671318","GSE27155","E"
"GSM671319","GSE27155","E"
"GSM671320","GSE27155","E"
"GSM671321","GSE27155","E"
"GSM671322","GSE27155","E"
"GSM671323","GSE27155","E"
"GSM671324","GSE27155","E"
"GSM671325","GSE27155","E"
"GSM671326","GSE27155","E"
"GSM671327","GSE27155","E"
"GSM671328","GSE27155","E"
"GSM671329","GSE27155","E"
"GSM671330","GSE27155","E"
"GSM671331","GSE27155","E"
"GSM671332","GSE27155","E"
"GSM671333","GSE27155","E"
"GSM671334","GSE27155","E"
"GSM671335","GSE27155","E"
"GSM671336","GSE27155","E"
"GSM671337","GSE27155","E"
"GSM671338","GSE27155","E"
"GSM671339","GSE27155","E"
"GSM671340","GSE27155","E"
"GSM671341","GSE27155","E"
"GSM671342","GSE27155","E"
"GSM671343","GSE27155","E"
"GSM671344","GSE27155","E"
"GSM671345","GSE27155","E"
"GSM671346","GSE27155","E"
"GSM671347","GSE27155","E"
"GSM85215","GSE3678","C"
"GSM85216","GSE3678","C"
"GSM85217","GSE3678","C"
"GSM85218","GSE3678","C"
"GSM85219","GSE3678","C"
"GSM85220","GSE3678","C"
"GSM85221","GSE3678","C"
"GSM85222","GSE3678","E"
"GSM85223","GSE3678","E"
"GSM85224","GSE3678","E"
"GSM85225","GSE3678","E"
"GSM85226","GSE3678","E"
"GSM85227","GSE3678","E"
"GSM85228","GSE3678","E"
"GSM1327256","GSE54958","C"
"GSM1327257","GSE54958","C"
"GSM1327258","GSE54958","C"
"GSM1327259","GSE54958","C"
"GSM1327260","GSE54958","C"
"GSM1327261","GSE54958","C"
"GSM1327262","GSE54958","C"
"GSM1327231","GSE54958","E"
"GSM1327232","GSE54958","E"
"GSM1327233","GSE54958","E"
"GSM1327234","GSE54958","E"
"GSM1327235","GSE54958","E"
"GSM1327236","GSE54958","E"
"GSM1327237","GSE54958","E"
"GSM1327238","GSE54958","E"
"GSM1327239","GSE54958","E"
"GSM1327240","GSE54958","E"
"GSM1327241","GSE54958","E"
"GSM1327242","GSE54958","E"
"GSM1327243","GSE54958","E"
"GSM1327244","GSE54958","E"
"GSM1327245","GSE54958","E"
"GSM1327246","GSE54958","E"
"GSM1327247","GSE54958","E"
"GSM1327248","GSE54958","E"
"GSM1327249","GSE54958","E"
"GSM1327250","GSE54958","E"
"GSM1327251","GSE54958","E"
"GSM1327252","GSE54958","E"
"GSM1327253","GSE54958","E"
"GSM1327254","GSE54958","E"
"GSM1327255","GSE54958","E"
